-- phpMyAdmin SQL Dump
-- version 5.2.1
-- https://www.phpmyadmin.net/
--
-- Host: localhost
-- Generation Time: May 21, 2025 at 02:51 AM
-- Server version: 10.4.32-MariaDB
-- PHP Version: 8.2.12

SET SQL_MODE = "NO_AUTO_VALUE_ON_ZERO";
START TRANSACTION;
SET time_zone = "+00:00";


/*!40101 SET @OLD_CHARACTER_SET_CLIENT=@@CHARACTER_SET_CLIENT */;
/*!40101 SET @OLD_CHARACTER_SET_RESULTS=@@CHARACTER_SET_RESULTS */;
/*!40101 SET @OLD_COLLATION_CONNECTION=@@COLLATION_CONNECTION */;
/*!40101 SET NAMES utf8mb4 */;

--
-- Database: `news_portal`
--

-- --------------------------------------------------------

--
-- Table structure for table `category`
--

CREATE TABLE `category` (
  `id` bigint(20) NOT NULL,
  `name` varchar(20) NOT NULL,
  `description` varchar(50) DEFAULT NULL
) ENGINE=InnoDB DEFAULT CHARSET=utf8mb4 COLLATE=utf8mb4_general_ci;

--
-- Dumping data for table `category`
--

INSERT INTO `category` (`id`, `name`, `description`) VALUES
(1, 'sport', 'the sport section is for sport news'),
(2, 'politics', 'the politics section is for sport news'),
(3, 'health', 'the health section is for sport news'),
(4, 'economy', 'the economy section is for sport news');

-- --------------------------------------------------------

--
-- Table structure for table `comments`
--

CREATE TABLE `comments` (
  `id` int(11) NOT NULL,
  `news_id` int(11) NOT NULL,
  `commenter_name` varchar(255) NOT NULL,
  `comment_text` text NOT NULL,
  `created_at` datetime DEFAULT current_timestamp()
) ENGINE=InnoDB DEFAULT CHARSET=utf8mb4 COLLATE=utf8mb4_general_ci;

--
-- Dumping data for table `comments`
--

INSERT INTO `comments` (`id`, `news_id`, `commenter_name`, `comment_text`, `created_at`) VALUES
(1, 0, 'fadsfdas', 'fadsfadsf', '2025-05-20 21:22:35'),
(2, 0, 'fadsfdas', 'fadsfadsf', '2025-05-20 21:39:06'),
(3, 0, 'fadsfadsfads', 'dsfafasdfadsf', '2025-05-20 21:39:12'),
(4, 0, 'fasdfadsf', 'dafasdfadf', '2025-05-20 21:39:17'),
(5, 1, 'محمد', 'fadsfasdfads', '2025-05-20 22:23:05'),
(6, 1, 'محمد', 'dsafadsfasdfads', '2025-05-20 22:23:26'),
(7, 34, 'خاص وزحصري لسمير سمكرة', 'والان مع المفاجأة الكبرى', '2025-05-21 00:36:58'),
(8, 34, 'خاص وزحصري لسمير سمكرة', 'والان مع المفاجأة الكبرى', '2025-05-21 00:37:45'),
(9, 33, 'fadsfads', 'sadfasdfads', '2025-05-21 00:40:42'),
(10, 7, 'تقديرات 1', 'بيشبيسب', '2025-05-21 00:42:32'),
(11, 9, 'تقديرات 2', 'بشيسبشيس', '2025-05-21 00:43:27'),
(12, 11, 'محمد', 'انتانتانتانتان', '2025-05-21 00:44:02'),
(13, 9, 'fdasfasdf', 'dsafadsfadsfasd', '2025-05-21 00:48:24'),
(14, 9, 'fdasfadsf', 'dsafadsfds', '2025-05-21 00:48:48'),
(15, 9, 'fdasfadsf', 'dsafadsfds', '2025-05-21 00:48:58'),
(16, 11, 'fadsfdsa', 'ddddd', '2025-05-21 00:56:11'),
(17, 9, 'c wqeqweqwe', 'wqeqweqwe', '2025-05-21 00:59:54'),
(18, 11, 'fadfadsfads', 'dfasdfadsfd', '2025-05-21 01:00:03');

-- --------------------------------------------------------

--
-- Table structure for table `news`
--

CREATE TABLE `news` (
  `id` bigint(20) NOT NULL,
  `title` varchar(100) DEFAULT NULL,
  `body` text NOT NULL,
  `image_url` text DEFAULT NULL,
  `date_posted` datetime DEFAULT NULL,
  `category_id` bigint(20) DEFAULT NULL,
  `author_id` bigint(20) DEFAULT NULL,
  `country` varchar(30) DEFAULT 'Earth',
  `status` enum('APPROVED','PENDING','REJECTED') DEFAULT 'PENDING',
  `total_views` int(11) NOT NULL DEFAULT 0
) ENGINE=InnoDB DEFAULT CHARSET=utf8mb4 COLLATE=utf8mb4_general_ci;

--
-- Dumping data for table `news`
--

INSERT INTO `news` (`id`, `title`, `body`, `image_url`, `date_posted`, `category_id`, `author_id`, `country`, `status`, `total_views`) VALUES
(73, 'تصاعد الخلاف بين سموتريتش وبن غفير ينذر بانهيار الائتلاف اليمني', 'القدس المحتلة – تشهد الساحة السياسية الإسرائيلية توترا متصاعدا داخل معسكر اليمين، تحديدا بين وزير المالية بتسلئيل سموتريتش ووزير الأمن القومي إيتمار بن غفير، على خلفية أزمة دخول المساعدات الإنسانية إلى غزة، وسير الحرب، ومخطط الحكومة الإسرائيلية لاحتلال الغالبية العظمى من مساحة القطاع.\r\n\r\nفي أحاديث مغلقة، وصف سموتريتش بن غفير بـ\"المجرم\"، متهما إياه بتسريب معلومات من مجلس الوزراء، وهو ما اعتبره \"جريمة جنائية\"، حسب صحيفة \"يسرائيل هيوم\"، التي كشفت عن كواليس الخلافات بين بن غفير رئيس حزب \"عظمة يهودية\"، ورئيس \"الصهيونية الدينية\" سموتريتش.\r\n\r\nويرى سموتريتش أن بن غفير يتبنى سياسة شعبوية، ويهاجم الحكومة من اليمين بهدف كسب التأييد الشعبي على حساب وحدة الصف داخل الائتلاف، مشيرا إلى أن هذا السلوك يهدد استقرار الحكومة وقد يؤدي إلى إسقاطها.\r\n\r\nكما اتهمه بالتحالف الضمني مع أييليت شاكيد من قيادات \"الصهيونية الدينية\" وأحزاب المعارضة، قائلا \"يريد أن يظهر بمظهر الرجل القوي، لكن ما يفعله جنون\".\r\n\r\nوفيما يتعلّق بالمساعدات لغزة، دافع سموتريتش عن موقفه قائلا إن ما يقدم من دعم إنساني يخضع لرقابة صارمة ولن يصل إلى حركة حماس، مؤكدا أن توزيع الغذاء سيتم عبر منظمات أميركية وبشكل مباشر للمدنيين، بهدف الحفاظ على الدعم الدولي لإسرائيل في المحافل الدولية، واستمرار الضغط العسكري على حماس.\r\nويسلط الخلاف بين الرجلين الضوء على الانقسامات داخل معسكر اليمين، ويعكس التوترات المتزايدة داخل الائتلاف الحاكم، حيث تتباين الرؤى بين من يدعو لتصعيد سياسي وإعلامي، ومن يرى أن ذلك يضر بالمعركة الأمنية وبوحدة الحكومة.', 'https://www.aljazeera.net/wp-content/uploads/2025/05/Untitled-2-1747746600.jpg?resize=770%2C513&quality=80', '2025-05-20 01:47:05', 2, 9, 'فلسطين', 'APPROVED', 0),
(74, 'رئيس جنوب أفريقيا يبحث ملفات شائكة مع ترامب في زيارة رسمية', 'وصل رئيس جنوب أفريقيا سيريل رامافوزا إلى الولايات المتحدة في زيارة رسمية يلتقي خلالها الرئيس الأميركي دونالد ترامب يوم الأربعاء، في محاولة لإعادة إحياء العلاقات الثنائية المتوترة بين البلدين.\r\n\r\nوتأتي هذه الزيارة في وقت تشهد فيه العلاقات بين بريتوريا وواشنطن تراجعًا كبيرًا، وسط تصعيد في الخطاب والسياسات من جانب إدارة ترامب تجاه جنوب أفريقيا منذ عودة ترامب إلى البيت الأبيض في يناير/كانون الثاني 2025.\r\n\r\nوبحسب بيان صادر عن رئاسة جنوب أفريقيا، من المقرر أن يبحث رامافوزا مع ترامب عددًا من الملفات \"الثنائية، والإقليمية، والدولية ذات الاهتمام المشترك\".\r\nملفات شائكة\r\n\r\nيأمل رامافوزا أن تسهم الزيارة في إعادة ضبط العلاقات، خاصة في المجال التجاري، بعد سلسلة من القرارات المثيرة للجدل التي اتخذتها إدارة ترامب بحق جنوب أفريقيا، من أبرزها وقف المساعدات المالية، وطرد السفير الجنوب أفريقي من واشنطن.\r\n\r\nوكان ترامب قد اتهم حكومة جنوب أفريقيا، في تصريحات لاقت انتقادات واسعة، بارتكاب \"إبادة جماعية\" ضد الأقلية البيضاء من أصول أفريكانية، وهي اتهامات نفتها بريتوريا بشدة ووصفتها بأنها \"مضللة وخطيرة\".\r\n\r\nوفي تطور لافت الأسبوع الماضي، منحت السلطات الأميركية اللجوء لـ59 مواطنا من جنوب أفريقيا من البيض، قالوا إنهم تعرضوا للاضطهاد في بلادهم.', 'https://www.aljazeera.net/wp-content/uploads/2025/02/doc-36yp9v7-1740675975.jpg?resize=770%2C513&quality=80', '2025-05-20 01:48:53', 2, 9, 'جنوب أفريقيا', 'APPROVED', 0),
(75, '3 نجاحات استثنائية لأردوغان هذا الأسبوع', 'شهدت تركيا في الأسبوع الماضي حركة غير مسبوقة في تاريخها. فقد أمضى الدبلوماسيون والصحفيون ورجال الأمن والمسؤولون الرسميون ليالي بلا نوم، وعانوا من إرهاق شديد أنهك قواهم.\r\n\r\nوبصفتي صحفيًا حاول أن يواكب كل ما جرى، ويكتب المقالات، ويُفسّر الأحداث التي عرضت على الشاشات ليل نهار، نالني نصيبي من هذا الأسبوع المذهل على هيئة تعبٍ شديد.\r\n\r\nكانت التطورات سريعة إلى حد أن ما نكتبه من مقالات، أو ما ننشره من مشاركات، كان يفقد راهنيته في غضون ساعات قليلة.\r\n\r\nلعل هذا ما دفع القنوات التلفزيونية إلى التخلّي عن إعداد التقارير الخبرية، واللجوء عوضًا عن ذلك إلى البثّ المباشر المتواصل، حيث راحوا يربطون المراسلين بالأحداث ليرووها لحظة بلحظة.\r\n\r\nكيف شارك أردوغان في اجتماع الرياض؟\r\nكان العالم بأسره يترقب زيارة ترامب التاريخية لثلاث دول خليجية، وكان الإعلام التركي يغطي التطورات على رأس كل ساعة. لكن عندما أُعلن فجأة عن لقاء سيُعقد بين ترامب وأحمد الشرع، تحوّلت الأنظار كلها إلى الرياض.\r\nوكأنّ ذلك لم يكن كافيًا، فقد أُعلن أيضًا عن انضمام الرئيس التركي رجب طيب أردوغان إلى اللقاء الذي جمع ولي العهد السعودي محمد بن سلمان، وترامب، والشَرع، مما جعل من هذا الحدث محور اهتمام عالمي.', 'https://www.aljazeera.net/wp-content/uploads/2025/05/reuters_682c6e94-1747742356.jpg?resize=770%2C513&quality=80', '2025-05-20 01:48:53', 2, 9, 'تركيا', 'APPROVED', 0),
(76, 'هل تندلع حرب بين إسرائيل وتركيا؟', 'عند النظر إلى التصريحات التي أدلى بها المسؤولون الإسرائيليون ووسائل إعلامهم خلال الأسابيع الأخيرة، وإلى الهجمات التي شنّوها داخل الأراضي السورية، يتضح أنهم باتوا يضعون تركيا ضمن دائرة أهدافهم.\r\nفإسرائيل، التي ترى في اتفاقيات التعاون الدفاعي التي قد تُبرم بين تركيا وسوريا تهديدًا مباشرًا، تنظر إلى احتمال قصف مواقع القواعد العسكرية التركية المحتملة في سوريا بوصفه فعلًا عدائيًا صريحًا.\r\n\r\nوهذا ما أثار قلقًا كبيرًا في الأوساط السياسية والعسكرية داخل تركيا، وسط تساؤلات عميقة حول طبيعة الرد التركي على هذا التصعيد العدواني.\r\nماذا تريد إسرائيل؟\r\n\r\nمنذ اندلاع حرب غزة، أضحى واضحًا للجميع أن إسرائيل لم تعد تتحرك وَفقًا لمقتضيات \"الواقعية السياسية\"، بل وفقًا لـ\"اللاهوت السياسي\" (Theopolitics).\r\nوهذا يعني ببساطة أنها تسعى لتحقيق حُلم إقامة \"إسرائيل الكبرى\" وتفعيل خطة \"أرض الميعاد\" (أرض إسرائيل الكبرى كما وردت في العقيدة الصهيونية)، وهي في هذا الصدد قد أبرمت تفاهمات مع بعض التيارات المتحالفة معها داخل الولايات المتحدة.\r\n\r\nوبناءً على هذا التوجّه اللاهوتي، راحت إسرائيل توسّع حدودها باحتلال أراضي الدول المجاورة. فقد احتلت جزءًا من غزة والضفة الغربية وبعض مناطق جنوب لبنان. ومنذ الثورة السورية، زادت من وجودها الاحتلالي داخل سوريا، ولن تتوقف عند هذا الحد.', 'https://www.aljazeera.net/wp-content/uploads/2025/02/%D8%B3%D9%8A%D8%A7%D8%B3%D8%A9-%D8%A62-1740471109.jpg?resize=770%2C513&quality=80', '2025-04-08 01:54:09', 2, NULL, 'تركيا', 'APPROVED', 20),
(77, 'رويترز: القيادة السورية وافقت على تسليم متعلقات كوهين لإسرائيل', 'نقلت وكالة رويترز، اليوم الثلاثاء، عن 3 مصادر قولها إن القيادة السورية وافقت على تسليم وثائق ومتعلقات عميل جهاز المخابرات الإسرائيلي (موساد) إيلي كوهين لتل أبيب.\r\n\r\nوقالت الوكالة إن مصدرا أمنيا سوريا ومستشارا لدى القيادة السورية وشخصا مطلعا على المحادثات السرية بين الجانبين قالوا إن أرشيف المواد عُرض على إسرائيل في مبادرة سورية غير مباشرة لتهدئة التوتر وبناء الثقة لدى الرئيس الأميركي دونالد ترامب، وفق رويترز.\r\n\r\nوقد أعلن مكتب رئيس الوزراء الإسرائيلي بنيامين نتنياهو، الأحد الماضي، جلب 2500 وثيقة وصورة وأغراض شخصية من سوريا لعميل الموساد إيلي كوهين في عملية وصفها بالسرية.\r\nوذكرت إسرائيل أن تلك العملية جرت عبر المخابرات الإسرائيلية بالتعاون مع جهاز مخابرات أجنبي لم تحدده للحصول على الوثائق والمتعلقات.\r\nوأفادت وسائل إعلام إسرائيلية حينها بأن الموساد جلب وثائق كوهين، الذي أُعدم بسوريا عام 1965 في ساحة المرجة بدمشق، من الأرشيف السوري الذي احتفظت به قوات الأمن السورية لعقود.\r\n\r\nولم تعلّق السلطات السورية حتى الآن على الإعلان الإسرائيلي بجلب وثائق كوهين من أرشيف قوات الأمن السورية.', 'https://www.aljazeera.net/wp-content/uploads/2025/05/%D8%B3%D7%95%D8%B3%D8%B3%D8%B3%D8%B4-1747578419.jpg?resize=770%2C513&quality=80', '2025-05-20 01:54:09', 2, 9, 'سوريا', 'APPROVED', 7),
(78, 'الجيش السوداني يعلن الخرطوم محررة وخالية من التمرد', 'الخرطوم- في معركة الأمتار الأخيرة في العاصمة السودانية الخرطوم استطاع الجيش السوداني إلحاق هزيمة قاسية بقوات الدعم السريع المتحصنة في ضاحية الصالحة أقصى جنوب أم درمان بعد معارك ضارية استمرت بوتيرة واحدة على مدى أيام، مستعيدا بذلك آخر معاقل الدعم السريع في الخرطوم، وأعلن خلوها من التمرد.\r\n\r\nوظلت الخرطوم مسرحا للحرب منذ بدئها قبل أكثر من عامين في أبريل/نيسان 2023، حيث شهدت أرجاء العاصمة مواجهات مسلحة عنيفة سيطر فيها الجيش على أجزاء، والدعم السريع على مناطق أخرى أكبر في البداية، ليتمكن بعدها الجيش من إخراجها من كل الخرطوم، بما في ذلك مؤسسات الدولة والحكم.\r\n\r\nوفي مارس/آذار الماضي استعاد الجيش السوداني كامل ولاية الخرطوم باستثناء ضاحية الصالحة، حيث تموضع الدعم السريع بعد أن فر من وسط الخرطوم.\r\n\r\nبيان التحرير\r\n\r\nواليوم، أعلن الناطق الرسمي باسم الجيش السوداني العميد نبيل عبد الله اكتمال تطهير ولاية الخرطوم من أي وجود لعناصر مليشيا \"آل دقلو الإرهابية\".\r\n\r\nوقال عبد الله في بيان صحفي \"تطهير الخرطوم من دنس المتمردين وأعوانهم يؤكد خلوها تماما من المتمردين\"، مضيفا \"نجدد عهدنا مع شعبنا بمواصلة جهودنا حتى تطهير آخر شبر من بلادنا من كل متمرد وخائن وعميل\".', 'https://www.aljazeera.net/wp-content/uploads/2025/03/sadasd-1742550759.jpeg?resize=770%2C513&quality=80', '2025-05-21 01:54:09', 2, 9, 'السودان', 'APPROVED', 2),
(79, 'موعد مباراة الوحدة ضد الهلال في الدوري السعودي والقنوات الناقلة', 'نستعرض موعد مباراة الوحدة ضد الهلال في الجولة الـ33 من الدوري السعودي لكرة القدم موسم 2024-2025، وقنوات البث المباشر الناقلة للمباراة.\r\nموعد مباراة الوحدة والهلال\r\nتقام مباراة الوحدة والهلال اليوم الأربعاء، الموافق 21 مايو/أيار، على ملعب مدينة الأمير عبد الله الفيصل الرياضية. وتبدأ الساعة التاسعة مساء (21:00) بتوقيت مكة المكرمة والدوحة والقاهرة.', 'https://www.aljazeera.net/wp-content/uploads/2025/01/com-2-1737375979.jpg?resize=770%2C513&quality=80', '2025-05-21 01:58:59', 1, 9, 'الدوري السعودي', 'APPROVED', 43),
(80, 'قاهر ريال مدريد يخسر لقب البطولة المحلية رغم عدم تعرضه لأي خسارة', 'خسر فريق شريف تيراسبول، الذي سبق أن فاز على ريال مدريد بدوري أبطال أوروبا لكرة القدم، لقب الدوري المحلي رغم عدم تعرضه لأي خسارة طوال الموسم.\r\n\r\nوتوّج فريق ميلسامي أورهي بلقب الدوري المولدوفي للمرة الثانية في تاريخه عقب تعادله سلبيا مع شريف تيراسبول في الجولة الـ24 والأخيرة من المنافسة.\r\nوسطع نجم فريق شريف تيراسبول على الساحة الأوروبية، بعد أن فجر مفاجأة كبيرة بفوزه على ريال مدريد (2-1) في ملعب \"سانتياغو بيرنابيو\" في دور المجموعات بدوري أبطال أوروبا عام 2022.\r\n\r\nكانت المواجهة التي انتهت بالتعادل عبارة عن مباراة فاصلة لتحديد هوية بطل الدوري.\r\n\r\nوبهذا التعادل، جمع ميلسامي 21 نقطة، متفوقًا بنقطة واحدة على فريقي زيمبرو وشريف اللذين احتلا المركزين الثاني والثالث على التوالي.\r\n\r\nبعد انتهاء المرحلة الأولى من البطولة، والتي خاضت فيها الفرق 14 مباراة، احتل ميلسامي المركز الخامس برصيد 21 نقطة، بينما كان شريف متصدرًا بفارق كبير برصيد 36 نقطة.\r\n\r\nومع ذلك، فإن النظام الغريب للبطولة المحلية يقضي بعدم تأثير نقاط المرحلة الأولى إطلاقًا على الترتيب النهائي، حيث تُعاد صياغتها قبل بدء التصفيات.\r\n', 'https://www.aljazeera.net/wp-content/uploads/2025/05/GWA_fgXXgAAnN81-1747761364.jpg?resize=770%2C513&quality=80', '2025-05-20 01:58:59', 1, 9, 'بطولات أوروبية', 'APPROVED', 8),
(81, 'الكاميروني أونانا.. من الفقر والحظر إلى المجد الكروي', 'من قرية نكول نغوك الصغيرة في الكاميرون إلى قمة الكرة الأوروبية لم تكن رحلة أندريه أونانا سهلة، بل مليئة بالتحديات والانكسارات التي حوّلها بعزيمته الحديدية إلى درجات نحو المجد.\r\n\r\nفي سن مبكرة تخلى أونانا عن مقاعد الدراسة وتشبث بكرة القدم كمنقذ وحيد من واقع صعب كانت تعيشه عائلته.\r\nولطالما فضّل مطاردة الكرة حافي القدمين في شوارع قريته الفقيرة على الجلوس في الصف الدراسي، لم يكن ذلك عنادا فقط، بل إيمانا راسخا بأن مستقبله يُرسم بين القائمين لا على الورق.\r\n\r\nنشأ أندريه في بيئة لم تكن توفر الحد الأدنى من فرص النجاح، لكن روحه القتالية فاقت كل التوقعات، إذ كان يتبع شقيقه كريستيان لحضور التدريبات، حتى وإن تطلب الأمر السير لـ30 دقيقة وحده في طرق وعرة وخطيرة.', 'https://www.aljazeera.net/wp-content/uploads/2024/11/UP1EKB31AOBHO-1732629426.jpg?resize=770%2C513&quality=80', '2025-05-20 01:58:59', 1, 9, 'الكاميرون', 'APPROVED', 0),
(82, 'أغلى 15 حارس مرمى في تاريخ كرة القدم', 'صنف موقع بريطاني قائمة أغلى 15 حارس مرمى في تاريخ كرة القدم، ورغم الارتفاع الضخم في مقابل انتقال بعض الحراس، فإنهم لا يزالون بعيدا عن أسعار اللاعبين، ولا سيما أصحاب المراكز الهجومية.\r\n\r\nوبعد سنوات من التجاهل، انعكست قيمة وأهمية حراس المرمى في الفوز بالمباريات أخيرا في سوق الانتقالات، فبعد أن ظل أكبر مبلغ تم دفعه مقابل حارس مرمى صامدا لمدة 17 عاما (الإيطالي جيانلويجي بوفون) تحطم مرتين في صيف عام 2018.\r\n\r\nورغم تراجع بوفون للمركز الثالث فإنه يظل الأغلى بين الحراس، نظرا لأن قيمة انتقاله عام 2001 (44.4 مليون جنيه إسترليني) تقدر بأكثر من قيمة الحارسين اللذين تخطياه في القائمة عام 2018.\r\nولم تشمل القائمة أساطير حراسة المرمى في القرن العشرين، نظرا لأن قيمة انتقالات اللاعبين كان أقل بكثير من القرن الـ21، وكانت قيمة حراس المرمى السوقية متدنية جدا مقارنة بقيمتهم الآن.\r\nوفي ما يلي قائمة أغلى 15 حارس مرمى في تاريخ كرة القدم وفق موقع (جيف مي سبورت) البريطاني:\r\n\r\n    الإسباني كيبا أريزابالاغا: انتقل من أتلتيك بلباو الإسباني إلى تشلسي الإنجليزي عام 2018 مقابل 67.2 مليون جنيه إسترليني.\r\n    البرازيلي أليسون بيكر: من روما الإيطالي إلى ليفربول الإنجليزي عام 2018 مقابل 52.5 مليون جنيه إسترليني.\r\n    الإيطالي جيانلويجي بوفون: من بارما الإيطالي إلى مواطنه يوفنتوس عام 2001 مقابل 44.4 مليون جنيه إسترليني.\r\n    الكاميروني أندريه أونانا: من إنتر ميلان الإيطالي لمانشستر يونايتد الإنجليزي عام 2023 مقابل 42.2 مليون جنيه إسترليني.\r\n    البرازيلي إيدرسون: من بنفيكا البرتغالي لمانشستر سيتي الإنجليزي عام 2017 مقابل 33.6 مليون جنيه إسترليني.\r\n    الهولندي ياسبر سيليسن: من برشلونة الإسباني إلى مواطنه فالنسيا عام 2019 مقابل 29.4 مليون جنيه إسترليني.\r\n    البلجيكي تيبو كورتوا: من تشلسي الإنجليزي إلى ريال مدريد الإسباني عام 2018 مقابل 29.4 مليون جنيه إسترليني.\r\n    الإسباني ديفيد رايا: من برينتفورد الإنجليزي إلى مواطنه أرسنال عام 2024 مقابل 26.8 مليون جنيه إسترليني.\r\n    الجورجي جيورجي مامارداشفيلي: من فالنسيا الإسباني لليفربول الإنجليزي عام 2024 مقابل 25.2 مليون جنيه إسترليني.\r\n    الألماني مانويل نوير: من شالكه الألماني إلى مواطنه بايرن ميونخ عام 2011 مقابل 25.2 مليون جنيه إسترليني.\r\n    الإنجليزي جوردان بيكفورد: من سندرلاند الإنجليزي إلى مواطنه إيفرتون عام 2017 مقابل 24 مليون جنيه إسترليني.\r\n    الإنجليزي آرون رامسديل: من شيفيلد يونايتد الإنجليزي إلى مواطنه أرسنال عام 2021 مقابل 23.5 مليون جنيه إسترليني.\r\n    الإيطالي فرانشيسكو تولدو: من فيورنتينا الإيطالي إلى مواطنه إنتر ميلان عام 2001 مقابل 22.3 مليون جنيه إسترليني.\r\n    الإيطالي أليكس ميريت: من أودينيزي الإيطالي إلى مواطنه نابولي عام 2019 مقابل 21.9 مليون جنيه إسترليني.\r\n    البرازيلي نيتو: من فالنسيا الإسباني إلى مواطنه برشلونة عام 2019 مقابل 21.9 مليون جنيه إسترليني.\r\n', 'https://www.aljazeera.net/wp-content/uploads/2017/10/9ab40225-e796-4ef8-bb86-73cbae545898.jpeg?resize=770%2C513&quality=80', '2024-11-02 01:58:59', 1, 9, 'أوروبا', 'APPROVED', 542),
(83, 'موعد مباراة النصر ضد الخليج في الدوري السعودي والقنوات الناقلة', 'نستعرض موعد مباراة النصر ضد الخليج في الجولة الـ33 من الدوري السعودي لكرة القدم موسم 2024-2025، وقنوات البث المباشر الناقلة للمباراة.\r\nموعد مباراة النصر والخليج\r\nتقام مباراة النصر والخليج اليوم الأربعاء -الموافق 21 مايو/أيار- على ملعب الأول بارك بالرياض. وتبدأ الساعة السابعة و10 دقائق مساء (19:10) بتوقيت مكة المكرمة والدوحة والقاهرة.\r\nقنوات البث الحي والمباشر الناقلة لمباراة النصر والخليج في الدوري السعودي:\r\n\r\n    SSC1 HD\r\n    SSC1 SD\r\n\r\nويمكنكم متابعة التغطية المباشرة للمباراة على موقع الجزيرة نت.\r\n\r\nوضمن الاتحاد التتويج بلقب الدوري السعودي منذ الجولة الماضية، وينفرد بالصدارة برصيد 80 نقطة، بعد فوزه الثلاثاء على الشباب 3-2، بفارق 9 نقاط عن الهلال صاحب المركز الثاني ولعب مباراة أقل، ويأتي النصر في المرتبة الرابعة (64 نقطة) وأصبح مهددا بفقدان المركز الثالث لصالح القادسية الذي فاز على العروبة 3-1 وارتفع رصيده إلى 68 نقطة.\r\n\r\nويحتل الخليج المركز العاشر برصيد 37 نقطة.\r\n\r\nوتأتي المباراة في ظل موسم كارثي للنصر، الذي خسر لقب الدوري السعودي وقد يتراجع للمركز الرابع، كما خسر نصف نهائي دوري أبطال آسيا للنخبة الذي ذهب لقبه للأهلي السعودي على حساب كاواساكي فرونتالي الياباني.', 'https://www.aljazeera.net/wp-content/uploads/2025/01/87456ww-1737399846.jpg?resize=770%2C513&quality=80', '2025-05-21 01:58:59', 1, 9, 'الدوري السعودي', 'APPROVED', 0),
(84, 'المغرب يوقع اتفاقيات بـ13 مليار دولار لتحلية مياه البحر وتعزيز الطاقة المتجددة', 'وقعت قطاعات حكومية في المغرب 3 مذكرات تفاهم مع شركتي \"طاقة المغرب\" -المملوكة لشركة طاقة الإماراتية بنسبة 85%- و\"ناريفا\" بقيمة 130 مليار درهم (13 مليار دولار) بهدف تحلية مياه البحر وتعزيز الطاقات المتجددة.\r\n\r\nوقّع الاتفاق من جانب الحكومة المغربية صندوق محمد السادس للاستثمار والمكتب الوطني للكهرباء والماء الصالح للشرب.\r\nالأمن المائي والطاقة\r\n\r\nويهدف البرنامج الاستثماري لهذه الاتفاقيات -التي تندرج ضمن الإستراتيجيات المائية والطاقية للمغرب- إلى تعزيز الأمن المائي والسيادة الطاقية في البلاد.\r\n\r\nوحسب وكالة الأنباء المغربية (الرسمية)، يتكون البرنامج من المحاور التالية:\r\n\r\n    نقل المياه: إنجاز بنى تحتية لتحويل المياه بين حوضي وادي سبو ووادي أم الربيع بسعة تصل إلى 800 مليون متر مكعب سنويا، مما سيمكن من مواجهة الإجهاد المائي.\r\n    تحلية مياه البحر: إنشاء محطات لتحلية مياه البحر بطاقة إجمالية تبلغ 900 مليون متر مكعب سنويا، سيتم تشغيلها بالكامل بواسطة الطاقات المتجددة، بما يعكس ريادة المغرب في هذا المجال.\r\n    وسيسهم إنجاز هذه المحطات في تعزيز قدرة المغرب على تحلية المياه، وفق تعريفة مستهدفة تتماشى مع الأسعار المرجعية المحددة للمشاريع الجاري إنجازها والتي لا تتجاوز 4.5 دراهم (0.49 دولار) للمتر المكعب.\r\n    نقل الكهرباء: إنشاء خط كهربائي بتيار مستمر عالي التوتر بطول 1400 كلم، يربط جنوب المغرب بوسطه، بطاقة تبلغ 3000 ميغاواط، مما سيسهم في تعزيز قدرة النقل الوطني، وتسريع تطوير الطاقات المتجددة بالأقاليم الجنوبية للمملكة.\r\n    وسيتم تشغيل هذا الخط من قبل المكتب الوطني للكهرباء والماء الصالح للشرب بعد دخوله حيز الخدمة.\r\n    الطاقات المتجددة: تطوير قدرات إضافية لإنتاج الكهرباء من مصادر متجددة تبلغ 1200 ميغاواط، بما سيمكّن من رفع إنتاج الكهرباء الخضراء على الصعيد المغربي.\r\n    الطاقة الحرارية: تطوير محطات كهربائية تعمل بدورة مركبة باستخدام الغاز الطبيعي بموقع تهدارت، بطاقة إجمالية تقارب 1500 ميغاواط، ستعزز مرونة المنظومة الكهربائية المحلية.\r\n', 'https://www.aljazeera.net/wp-content/uploads/2025/05/erstanding-jpg-1747737975.jpg?resize=770%2C513&quality=80', '2025-05-20 02:06:33', 4, 9, 'المغرب', 'APPROVED', 0),
(85, 'منتدى قطر الاقتصادي يناقش الفرص الاستثمارية بالمنطقة والعالم', 'الدوحة – ناقش وزراء مالية واقتصاد من عدد من دول العالم الفرص الاستثمارية ومستقبل الاقتصاد العالمي وكيفية التكيف مع التقلبات الحالية، لافتين إلى أن كل دولة تتبع سياسة اقتصادية تجني لها المنافع والفوائد التي تتماشى مع سياستها ورؤيتها المستقبلية.\r\n\r\nوخلال جلسة في منتدى قطر الاقتصادي بعنوان \"خارطة النمو العالمية: كيف يرى وزراء المالية والاقتصاد مستقبل الاقتصاد العالمي؟\"، ناقش وزراء المالية والاقتصاد في كل من قطر والسعودية وتركيا طريقة تكيّف دولهم مع الواقع الجديد، وتحوّل التقلبات إلى فرص، من خلال سياسات تعزز الاستقرار وتدفع عجلة النمو الطويل الأمد.\r\n\r\nوفي هذا الإطار، قال وزير المالية القطري علي بن أحمد الكواري إن \"زيارة الرئيس الأميركي للمنطقة كانت رائعة. وأعتقد أن هذه كانت رسالة كبيرة للمنطقة واعترافًا بأهميتها من الناحية الاقتصادية والسياسية والجيو اقتصادية والجيوسياسية، وكذلك من حيث الاستقرار، وهذا أمر نُقدّره كثيرًا\".\r\n\r\nوأضاف أن الشراكة الاقتصادية مع الولايات المتحدة طبيعية وأن الأرقام المتداولة تعكس تنامي هذه العلاقة.\r\n\r\nوأشار الوزير القطري إلى أن الحديث عن شراكة اقتصادية بقيمة 1.2 تريليون دولار يمثل إطارًا للتعاون الطويل الأمد تستفيد منه الشركات الأميركية العاملة في قطر، كما تواصل قطر الاستثمار في السوق الأميركية التي وصفها بأنها سوق ذات عوائد جيدة ومتوافقة مع إستراتيجية جهاز قطر للاستثمار.', 'https://www.aljazeera.net/wp-content/uploads/2025/05/AFP__202m-1747742009.jpg?resize=770%2C513&quality=80', '2025-05-20 02:06:33', 4, 9, 'قطر', 'APPROVED', 46),
(86, 'أكبر 10 دول منتجة ومصدرة للفستق في العالم بينها دولة عربية', 'هل تعلم أن هذه الحبة الصغيرة التي تراها على طبق المكسرات تحمل معها آلاف السنين من التاريخ وتُدر مليارات الدولارات سنويا؟ الفستق، أو ما يُعرف بالفستق الحلبي، تجاوز كونه مجرد وجبة خفيفة ليصبح عنصرا اقتصاديا وتجاريا أساسيا لعدد من الدول حول العالم.\r\n\r\nيتمتع الفستق بمذاق فريد وقيمة غذائية عالية، مما جعله من أكثر أنواع المكسرات طلبا واستهلاكا على المستوى العالمي. كما أن تنوع استخداماته وسهولة دمجه في الأطعمة والحلويات ساعدا في ترسيخ مكانته كـ\"ذهب أخضر\" في سوق المكسرات. وقد واصل الإنتاج العالمي للفستق نموه على مر السنين، لتحتل بعض الدول مواقع ريادية في زراعته وتصديره.\r\n\r\nوفقا لبيانات هيئة الخدمات الزراعية الخارجية الأميركية، بلغ حجم إنتاج الفستق العالمية لموسم 2024/2025 نحو 1.18 مليون طن متري، في حين ارتفع حجم السوق العالمي من 5.25 مليار دولار في عام 2023 إلى 5.51 مليار دولار في عام 2024.\r\n\r\nوتشير التوقعات إلى أن السوق ستستمر في التوسع ليصل إلى 7.32 مليارات دولار بحلول عام 2030، بمعدل نمو سنوي مركب قدره 4.85%، بحسب منصة \"ريسيرتش أند ماركتس\".\r\nيأتي هذا النمو مدفوعا بعدة عوامل، أبرزها زيادة الطلب على الأغذية الصحية، واتساع رقعة النباتيين، والابتكار في المنتجات المشتقة من الفستق.', 'https://www.aljazeera.net/wp-content/uploads/2025/05/shutterstock_2572134861-1747566715.jpg?resize=770%2C513&quality=80', '2025-05-19 02:06:33', 4, 9, 'سوريا', 'APPROVED', 45),
(87, 'من الموانئ إلى المصانع.. خارطة التمدد الصيني في الاقتصاد المصري', 'القاهرة- تشهد العلاقات الاقتصادية بين مصر والصين تحولا جوهريا، وتعزز بكين (الشريك التجاري الأول لمصر) وجودها الاستثماري بشكل لافت مع بلوغ إجمالي الاستثمارات الصينية المباشرة 9 مليارات دولار بنهاية 2024 عبر نشاط أكثر من ألفي شركة صينية تغطي قطاعات إستراتيجية.\r\n\r\nوفي مسعى لتعزيز أواصر التعاون الاقتصادي والاستثماري استضافت القاهرة ملتقى استثماريا مصريا صينيا مؤخرا بهدف تعزيز التعاون الاقتصادي، وضم الوفد الصيني 37 مستثمرا يمثلون 23 شركة كبرى في قطاع الغزل والنسيج، حسبما ورد على الصفحة الرسمية لوزارة الاستثمار والتجارة الخارجية.\r\nويعكس هذا التوجه إدراكا صينيا لموقع مصر الجيواقتصادي الفريد كجسر بين أفريقيا وأوروبا، وثروتها من الموارد الشبابية والطبيعية، لكنه يطرح في الوقت ذاته أسئلة ملحة بشأن التوازن بين المنافع المتبادلة وحماية الاقتصاد المحلي.', 'https://www.aljazeera.net/wp-content/uploads/2025/05/2-%D9%87%D9%88%D8%A7%D8%AA%D9%81-%D8%B5%D9%8A%D9%86%D9%8A%D8%A9-%D8%AA%D9%83%D9%86%D9%88%D9%84%D9%88%D8%AC%D9%8A%D8%A7-1747593162.jpeg?resize=770%2C513&quality=80', '2025-05-20 02:06:33', 4, 9, 'مصر', 'APPROVED', 5),
(88, 'الليرة السورية ترتفع مقابل الدولار تأثرا برفع الاتحاد الأوروبي العقوبات', 'ارتفع سعر صرف الليرة السورية مقابل الدولار خلال تعاملات اليوم الثلاثاء مدفوعا بموافقة الاتحاد الأوروبي اليوم على رفع كل العقوبات المفروضة على سوريا.\r\n\r\nكما تلقت الليرة السورية دفعة قوية مع إعلان الرئيس الأميركي دونالد ترامب رفع العقوبات الأميركية عن سوريا خلال زيارته إلى السعودية الأسبوع الماضي.\r\nسعر صرف الليرة في السوق الموازي\r\n\r\n    ارتفع سعر صرف الليرة السورية في دمشق وحلب وإدلب إلى نطاق 9550- 9650 ليرة مقابل الدولار من نطاق 10 آلاف و50 ليرة إلى 10 آلاف و150 ليرة المسجل صباحا، ونطاق 10 آلاف إلى 10 آلاف و100 ليرة المسجل مساء أمس الاثنين.\r\n    في الحسكة ارتفعت الليرة السورية إلى نطاق 9800-9900 ليرة مقابل الدولار من نطاق 10 آلاف و400 ليرة إلى 10 آلاف و500 ليرة المسجل صباح اليوم.\r\n', 'https://www.aljazeera.net/wp-content/uploads/2025/04/getty_680e0516bd-1745749270.jpg?resize=770%2C513&quality=80', '2025-05-20 02:06:33', 4, 9, 'عربي', 'APPROVED', 453),
(89, 'بغداد: \"بطلان\" اتفاقيتين بين كردستان العراق وشركتي طاقة أميركيتين', 'أعلنت وزارة النفط العراقية، اليوم الثلاثاء، \"بطلان\" اتفاقيتين بين شركتي طاقة أميركيتين وحكومة إقليم كردستان العراق، لعدم حصولهما على موافقة اتحادية.\r\n\r\nوأكدت الوزارة أن أي اتفاقات استثمارية يجب أن تتم عبر الحكومة الاتحادية، وأفادت بأن \"هذه الإجراءات مخالفة للقرارات الصادرة من محكمة التمييز الاتحادية، التي أشارت إلى عدم شرعية العقود المبرمة بعد صدور قرار المحكمة الاتحادية العليا\".\r\n\r\nوأكدت الوزارة أن \"الإجراءات المتخذة من قِبل حكومة الإقليم تعد مخالفة صريحة للقانون العراقي، فالثروات النفطية ملك لجميع أبناء الشعب العراقي، وأن أي إجراء لاستثمار هذه الثروات يجب أن يكون من خلال الحكومة الاتحادية\".\r\n\r\nوفي حكم صدر في 2022، اعتبرت المحكمة الاتحادية العراقية قانونا للنفط والغاز ينظم قطاع النفط في كردستان العراق غير دستوري، وطالبت سلطات الإقليم بتسليم إمداداتها من النفط الخام.\r\nاتفاقيتان\r\nوأعلن رئيس وزراء إقليم كردستان العراق مسرور بارزاني، أمس، عن توقيع اتفاقيتين في مجال الطاقة بقيمة إجمالية 110 مليارات دولار مع شركتي \"إتش كيه إن إنرجي\" و\"ويسترن زاغروس\" الأميركيتين.', 'https://www.aljazeera.net/wp-content/uploads/2025/05/54%D9%81%D9%82-1747749702.jpg?resize=770%2C513&quality=80', '2025-05-20 02:06:33', 4, 9, 'بغداد', 'APPROVED', 3),
(90, 'منظمة الصحة العالمية تعتمد الاتفاق بشأن الجوائح', 'أقرت جمعية الصحة العالمية الثلاثاء في جنيف الاتفاق الدولي بشأن الوقاية من الجوائح والتأهب والاستجابة لها، بعد 3 سنوات من المفاوضات الشاقة.\r\n\r\nوقال المدير العام لمنظمة الصحة العالمية تيدروس أدهانوم غيبريسوس في بيان \"هذا الاتفاق انتصار للصحة العامة والعلوم والعمل المتعدد الأطراف. وسيسمح لنا، على نحو جماعي، بحماية العالم بشكل أفضل من تهديدات مقبلة بجوائح\".\r\n\r\nوأقر في تصريحات لوكالة الصحافة الفرنسية بأن \"اليوم يوم كبير… يوم تاريخي\".\r\n\r\nويهدف الاتفاق الى التأهب بشكل أفضل للجوائح المقبلة وتعزيز سبل مكافحتها، ويأتي في ضوء الفشل الجماعي في التعامل مع جائحة كوفيد-19 التي أودت بحياة الملايين وقوضت الاقتصاد العالمي.\r\n\r\nوينص الاتفاق الذي أنجزت النسخة النهائية منه بالتوافق في 16 نيسان/أبريل على آلية تنسيق عالمية على نحو أبكر وأكثر فعالية في آن للوقاية والرصد والاستجابة لأي مخاطر قد تؤدي إلى جائحة.\r\n\r\nويهدف أيضا إلى ضمان الإنصاف في الحصول على المنتجات الصحية في حال حدوث جائحة. وقد شكت البلدان الأكثر فقرا منذ هذه المسألة خلال كوفيد-19، عندما احتكرت الدول الثرية اللقاحات وفحوص التشخيص.\r\n\r\nويعزز الاتفاق أيضا الترصد المتعدد القطاعات ونهج \"صحة واحدة\" على صعيد البشر والحيوانات والبيئة', 'https://www.aljazeera.net/wp-content/uploads/2020/06/RTX7JGU7.jpg?resize=770%2C513&quality=80', '2025-05-20 02:14:18', 3, 9, 'العالم', 'APPROVED', 54),
(91, 'وزارة الصحة في غزة تحذر من شراء الأدوية من البسطات أو الأكشاك', 'حذرت وزارة الصحة الفلسطينية في غزة اليوم الثلاثاء من شراء الأدوية من البسطات أو الأكشاك التي تنتشر في الأسواق والطرقات، لما يشكله ذلك من خطر حقيقي على صحة وحياة المواطنين.\r\n\r\nوقالت الوزارة، في بيان صحفي نشرته على صفحتها بموقع فيسبوك اليوم، إن غالبية الباعة في هذه النقاط العشوائية غير حاصلين على ترخيص من وزارة الصحة، مما يترتب على ذلك من بيع ووصف أدوية خاطئة، يؤدي إلى مضاعفات صحية خطيرة قد تصل إلى الوفاة.\r\n\r\nوأضافت أن الأدوية المتداولة في النقاط العشوائية تعرض وتحفظ في ظروف تخزين سيئة تحت أشعة الشمس، مما يؤدي إلى فقدانها لفعاليتها وتلفها وزيادة خطر تحولها إلى مواد ضارة بالصحة.\r\n\r\nودعت الوزارة المواطنين إلى عدم شراء أية أدوية من خلال هذه النقاط، والتوجه إلى الصيدليات الرسمية المرخصة من الوزارة، والتي تضمن جودة الأدوية المتداولة فيها ووجود أشخاص مؤهلين بها.\r\n', 'https://www.aljazeera.net/wp-content/uploads/2025/05/image-1747678898.jpg?resize=730%2C410&quality=80', '2025-05-20 02:14:18', 3, 9, 'فلسطين', 'APPROVED', 76),
(92, 'لحظة فارقة في تاريخ الطب.. أول عملية زرع لمثانة بشرية', 'أجرى جراحون في جنوب كاليفورنيا في الولايات المتحدة أول عملية زرع لمثانة بشرية، مُقدمين بذلك إجراء جديدا قد يُغير حياة آلاف المرضى.\r\n\r\nأُجريت العملية في 4 مايو/أيار الجاري على يد جراحين من جامعة كاليفورنيا، لوس أنجلوس، وجامعة جنوب كاليفورنيا، لأوسكار لارينزار البالغ من العمر 41 عاما، والذي فقد جزءا كبيرا من سعة مثانته بسبب علاجات لنوع نادر من سرطان المثانة وفقا لصحيفة نيويورك تايمز الأميركية.\r\n\r\nيخطط الأطباء لإجراء عمليات زرع مثانة لـ4 مرضى آخرين كجزء من تجربة لمعرفة نتائج الزراعة مثل سعة المثانة ومضاعفات عملية الزرع قبل تجريبها على عدد كبير من المرضى وتوسيع نطاق استخدامها.\r\n\r\nوصف الدكتور إندربير جيل، الذي أجرى الجراحة مع الدكتور نيما ناصري، الأمر بأنه \"تحقيق حلم\" لعلاج آلاف المرضى الذين يعانون من آلام الحوض المُنهكة والالتهابات والعدوى المتكررة.\r\n\r\nقال الدكتور جيل، رئيس قسم المسالك البولية في جامعة جنوب كاليفورنيا: \"لا شك في أن بابا قد فُتح لهؤلاء الأشخاص لم يكن موجودا من قبل\".', 'https://www.aljazeera.net/wp-content/uploads/2025/05/File-55411-1747681573.png?resize=770%2C513&quality=80', '2025-05-12 02:14:18', 3, 9, 'الولايات المتحدة الأميركية', 'APPROVED', 1),
(93, 'الأطباء مصدومون لعدم اكتشافه مبكرا.. تعرف على سرطان البروستاتا الذي أصاب بايدن', 'أكد مكتب الرئيس الأميركي السابق جو بايدن يوم الأحد تشخيص إصابته بنوع عدواني من سرطان البروستاتا. في وقت عبر فيه أطباء عن استغرابهم من تأخر تشخيصه. فما سرطان البروستاتا؟ وما أعراضه؟\r\n\r\nوذكر بيان مكتب بايدن: \"في الأسبوع الماضي، خضع الرئيس جو بايدن لفحص طبي للكشف عن وجود عقدة في البروستاتا بعد معاناته من أعراض بولية متزايدة. يوم الجمعة، شخصت إصابته بسرطان البروستاتا، الذي يتميز بدرجة 9 على مقياس غليسون (المجموعة الخامسة) مع انتشار ورم خبيث في العظام\".\r\n\r\nويقول الأطباء إنهم مصدومون من عدم اكتشاف السرطان مبكرا، خاصة أن بايدن كان قد أبلغ مؤخرا عن مشاكل في المسالك البولية، وهي علامة تحذيرية معروفة.\r\n\r\nوتم اكتشاف عقدة صغيرة أثناء الفحص البدني، وتم لاحقا منح السرطان درجة غليسون 9، وهي إشارة إلى شكل حاد وسريع النمو من المرض.\r\n\r\nوقال الدكتور مارك سيجل، كبير المحللين الطبيين في قناة فوكس نيوز: \"هذا هو السرطان الوحيد لدى الرجال الذي يتم تدريب الجميع في المجتمع الطبي على الانتباه له\".\r\n\r\nوأضاف أنه على الرغم من أن بايدن لا يبدو أن لديه العديد من عوامل الخطر، فإن عمره وحده جعله أكثر عرضة لخطر الإصابة بشكل كبير.\r\n\r\nوأشار بعض المعلقين إلى أن السرطان ربما يكون قد تطور لبعض الوقت، نظرا لحالته المتقدمة.', 'https://www.aljazeera.net/wp-content/uploads/2025/05/image-1747670148.jpg?resize=730%2C410&quality=80', '2025-05-11 02:14:18', 3, 9, 'الولايات المتحدة الأميركية', 'APPROVED', 98),
(94, 'أكبر مصدر للدجاج في العالم.. البرازيل تحقق في 6 بؤر تفش محتملة لإنفلونزا الطيور', 'أظهرت بيانات محدثة على موقع وزارة الزراعة البرازيلية أن البلاد، أكبر مصدر للدجاج في العالم، تحقق حاليا في 6 بؤر تفش محتملة لإنفلونزا الطيور شديدة العدوى.\r\n\r\nويتعلق اثنان من التحقيقات الجارية بدواجن تربيها مزارع تجارية، بينما تتعلق 4 تحقيقات أخرى بطيور تربى في حظائر منزلية.\r\n\r\nوباعت البرازيل منتجات دجاج بقيمة نحو 10 مليارات دولار على مستوى العالم العام الماضي، وقامت بتوريد أكثر من 5 ملايين طن.\r\n\r\nوقال وزير الزراعة كارلوس فافارو لمراسلي قنوات تلفزيونية تجمعوا خارج الوزارة اليوم الاثنين \"الناس في حالة تأهب قصوى\" في إشارة إلى الحالات قيد التحقيق.\r\n\r\nوأضاف \"يبلغ المزارعون، سواء في المزارع التجارية أو مزارع الكفاف، عندما يرون حيوانا مريضا، وهذا أمر جيد\".\r\n\r\nوذكر أن البرازيل ستعتبر خالية من إنفلونزا الطيور إذا تأكد عدم إصابة أي حالات جديدة خلال 28 يوما بعد أول تفش للمرض.\r\n\r\nلكن هذا لا يعني أن التصدير سيعود على الفور، وإنما ستكون البرازيل في وضع يسمح لها بالتفاوض مع المشترين لتخفيف القيود المفروضة بموجب البروتوكولات الصحية.\r\n', 'https://www.aljazeera.net/wp-content/uploads/2014/11/5bb2f321-2b18-4d72-84b8-44a766f5a09b.jpeg?resize=686%2C513&quality=80', '2025-05-19 02:14:18', 3, 9, 'البرازيل', 'APPROVED', 4),
(95, 'جيل جديد من بدائل الجلد يمنح الأمل لمرضى الحروق', 'كشف باحثون عن أحدث التطورات في بدائل الجلد -وهي مواد كيميائية حيوية تُستخدم لاستبدال الجلد التالف- مع التركيز خاصة على مكافحة العدوى، وتعزيز تجديد الأنسجة بعد الحروق الشديدة، وتُحسّن هذه الأساليب الجديدة الواعدة تعافي المرضى كثيرا.\r\n\r\nوأجرى باحثون من جامعة جنوب أستراليا وجامعة أديلايد ومستشفى رويال أديلايد مراجعة شاملة للأبحاث المتعلقة ببدائل الجلد نُشرت في مجلة العلاجات المتقدمة (Advanced Therapeutics)، وكتب عنها موقع يوريك أليرت.\r\n\r\nويقول الباحثون، إنه على الرغم من عقود من التقدم، فإن العلاجات التقليدية، مثل ترقيع الجلد، غالبا ما تفشل في توفير علاج كافٍ والسيطرة على العدوى، مما يؤدي إلى إطالة فترة الإقامة في المستشفى وارتفاع تكاليف الرعاية الصحية.\r\n\r\nووفقا للمؤلفين الرئيسيين، الدكتور زلاتكو كوبيكي والدكتورة برونوين ديرمان، فإن الحاجة المُلِحّة لتطوير حلول أكثر أمانا وفعالية لم تكن يوما أكبر مما هي عليه الآن.\r\n\r\nيقول الدكتور كوبيكي، الباحث في معهد الصناعات المستقبلية بجامعة جنوب أستراليا: \"تُعدّ العدوى سببا رئيسيا للمضاعفات والوفيات لدى مرضى الحروق\". ويضيف: \"يجب علينا الابتكار بما يتجاوز الأساليب التقليدية وتطوير علاجات تُجدّد الأنسجة مع الوقاية الفعالة من العدوى\".', 'https://www.aljazeera.net/wp-content/uploads/2022/12/shutterstock_221398282.jpg?resize=770%2C513&quality=80', '2025-05-19 02:14:18', 3, 9, 'أستراليا', 'APPROVED', 9);

-- --------------------------------------------------------

--
-- Table structure for table `user`
--

CREATE TABLE `user` (
  `id` bigint(20) NOT NULL,
  `name` varchar(50) NOT NULL,
  `email` varchar(50) DEFAULT NULL,
  `password` text NOT NULL,
  `role` enum('ADMIN','EDITOR','AUTHOR','VIEWER') DEFAULT NULL,
  `status` varchar(10) NOT NULL DEFAULT 'PENDING',
  `created_at` datetime DEFAULT NULL
) ENGINE=InnoDB DEFAULT CHARSET=utf8mb4 COLLATE=utf8mb4_general_ci;

--
-- Dumping data for table `user`
--

INSERT INTO `user` (`id`, `name`, `email`, `password`, `role`, `status`, `created_at`) VALUES
(9, 'admin', 'mohammadshariffethi@gmail.com', '$2y$10$HhS/bFyHfJL18gW.arr.8uwcafVHtUW4ayMmDtoMP0F50QQ0xjz/6', 'ADMIN', 'ACTIVE', NULL);

--
-- Indexes for dumped tables
--

--
-- Indexes for table `category`
--
ALTER TABLE `category`
  ADD PRIMARY KEY (`id`);

--
-- Indexes for table `comments`
--
ALTER TABLE `comments`
  ADD PRIMARY KEY (`id`);

--
-- Indexes for table `news`
--
ALTER TABLE `news`
  ADD PRIMARY KEY (`id`),
  ADD KEY `fk_news` (`category_id`),
  ADD KEY `fk_author` (`author_id`);

--
-- Indexes for table `user`
--
ALTER TABLE `user`
  ADD PRIMARY KEY (`id`),
  ADD UNIQUE KEY `unique_email` (`email`);

--
-- AUTO_INCREMENT for dumped tables
--

--
-- AUTO_INCREMENT for table `category`
--
ALTER TABLE `category`
  MODIFY `id` bigint(20) NOT NULL AUTO_INCREMENT, AUTO_INCREMENT=5;

--
-- AUTO_INCREMENT for table `comments`
--
ALTER TABLE `comments`
  MODIFY `id` int(11) NOT NULL AUTO_INCREMENT, AUTO_INCREMENT=19;

--
-- AUTO_INCREMENT for table `news`
--
ALTER TABLE `news`
  MODIFY `id` bigint(20) NOT NULL AUTO_INCREMENT, AUTO_INCREMENT=96;

--
-- AUTO_INCREMENT for table `user`
--
ALTER TABLE `user`
  MODIFY `id` bigint(20) NOT NULL AUTO_INCREMENT, AUTO_INCREMENT=11;

--
-- Constraints for dumped tables
--

--
-- Constraints for table `news`
--
ALTER TABLE `news`
  ADD CONSTRAINT `fk_author` FOREIGN KEY (`author_id`) REFERENCES `user` (`id`) ON DELETE SET NULL ON UPDATE CASCADE,
  ADD CONSTRAINT `fk_news` FOREIGN KEY (`category_id`) REFERENCES `category` (`id`) ON DELETE SET NULL ON UPDATE CASCADE;
COMMIT;

/*!40101 SET CHARACTER_SET_CLIENT=@OLD_CHARACTER_SET_CLIENT */;
/*!40101 SET CHARACTER_SET_RESULTS=@OLD_CHARACTER_SET_RESULTS */;
/*!40101 SET COLLATION_CONNECTION=@OLD_COLLATION_CONNECTION */;
