/*M!999999\- enable the sandbox mode */ 
-- MariaDB dump 10.19-11.7.2-MariaDB, for Win64 (AMD64)
--
-- Host: localhost    Database: news_portal
-- ------------------------------------------------------
-- Server version	10.4.32-MariaDB

/*!40101 SET @OLD_CHARACTER_SET_CLIENT=@@CHARACTER_SET_CLIENT */;
/*!40101 SET @OLD_CHARACTER_SET_RESULTS=@@CHARACTER_SET_RESULTS */;
/*!40101 SET @OLD_COLLATION_CONNECTION=@@COLLATION_CONNECTION */;
/*!40101 SET NAMES utf8mb4 */;
/*!40103 SET @OLD_TIME_ZONE=@@TIME_ZONE */;
/*!40103 SET TIME_ZONE='+00:00' */;
/*!40014 SET @OLD_UNIQUE_CHECKS=@@UNIQUE_CHECKS, UNIQUE_CHECKS=0 */;
/*!40014 SET @OLD_FOREIGN_KEY_CHECKS=@@FOREIGN_KEY_CHECKS, FOREIGN_KEY_CHECKS=0 */;
/*!40101 SET @OLD_SQL_MODE=@@SQL_MODE, SQL_MODE='NO_AUTO_VALUE_ON_ZERO' */;
/*M!100616 SET @OLD_NOTE_VERBOSITY=@@NOTE_VERBOSITY, NOTE_VERBOSITY=0 */;

--
-- Table structure for table `category`
--

DROP TABLE IF EXISTS `category`;
/*!40101 SET @saved_cs_client     = @@character_set_client */;
/*!40101 SET character_set_client = utf8mb4 */;
CREATE TABLE `category` (
  `id` bigint(20) NOT NULL AUTO_INCREMENT,
  `name` varchar(20) NOT NULL,
  `description` varchar(50) DEFAULT NULL,
  PRIMARY KEY (`id`)
) ENGINE=InnoDB AUTO_INCREMENT=5 DEFAULT CHARSET=utf8mb4 COLLATE=utf8mb4_general_ci;
/*!40101 SET character_set_client = @saved_cs_client */;

--
-- Dumping data for table `category`
--

LOCK TABLES `category` WRITE;
/*!40000 ALTER TABLE `category` DISABLE KEYS */;
INSERT INTO `category` VALUES
(1,'sport','the sport section is for sport news'),
(2,'politics','the politics section is for sport news'),
(3,'health','the health section is for sport news'),
(4,'economy','the economy section is for sport news');
/*!40000 ALTER TABLE `category` ENABLE KEYS */;
UNLOCK TABLES;

--
-- Table structure for table `comments`
--

DROP TABLE IF EXISTS `comments`;
/*!40101 SET @saved_cs_client     = @@character_set_client */;
/*!40101 SET character_set_client = utf8mb4 */;
CREATE TABLE `comments` (
  `id` int(11) NOT NULL AUTO_INCREMENT,
  `news_id` int(11) NOT NULL,
  `commenter_name` varchar(255) NOT NULL,
  `comment_text` text NOT NULL,
  `created_at` datetime DEFAULT current_timestamp(),
  PRIMARY KEY (`id`)
) ENGINE=InnoDB AUTO_INCREMENT=19 DEFAULT CHARSET=utf8mb4 COLLATE=utf8mb4_general_ci;
/*!40101 SET character_set_client = @saved_cs_client */;

--
-- Dumping data for table `comments`
--

LOCK TABLES `comments` WRITE;
/*!40000 ALTER TABLE `comments` DISABLE KEYS */;
INSERT INTO `comments` VALUES
(1,0,'fadsfdas','fadsfadsf','2025-05-20 21:22:35'),
(2,0,'fadsfdas','fadsfadsf','2025-05-20 21:39:06'),
(3,0,'fadsfadsfads','dsfafasdfadsf','2025-05-20 21:39:12'),
(4,0,'fasdfadsf','dafasdfadf','2025-05-20 21:39:17'),
(5,1,'محمد','fadsfasdfads','2025-05-20 22:23:05'),
(6,1,'محمد','dsafadsfasdfads','2025-05-20 22:23:26'),
(7,34,'خاص وزحصري لسمير سمكرة','والان مع المفاجأة الكبرى','2025-05-21 00:36:58'),
(8,34,'خاص وزحصري لسمير سمكرة','والان مع المفاجأة الكبرى','2025-05-21 00:37:45'),
(9,33,'fadsfads','sadfasdfads','2025-05-21 00:40:42'),
(10,7,'تقديرات 1','بيشبيسب','2025-05-21 00:42:32'),
(11,9,'تقديرات 2','بشيسبشيس','2025-05-21 00:43:27'),
(12,11,'محمد','انتانتانتانتان','2025-05-21 00:44:02'),
(13,9,'fdasfasdf','dsafadsfadsfasd','2025-05-21 00:48:24'),
(14,9,'fdasfadsf','dsafadsfds','2025-05-21 00:48:48'),
(15,9,'fdasfadsf','dsafadsfds','2025-05-21 00:48:58'),
(16,11,'fadsfdsa','ddddd','2025-05-21 00:56:11'),
(17,9,'c wqeqweqwe','wqeqweqwe','2025-05-21 00:59:54'),
(18,11,'fadfadsfads','dfasdfadsfd','2025-05-21 01:00:03');
/*!40000 ALTER TABLE `comments` ENABLE KEYS */;
UNLOCK TABLES;

--
-- Table structure for table `news`
--

DROP TABLE IF EXISTS `news`;
/*!40101 SET @saved_cs_client     = @@character_set_client */;
/*!40101 SET character_set_client = utf8mb4 */;
CREATE TABLE `news` (
  `id` bigint(20) NOT NULL AUTO_INCREMENT,
  `title` varchar(100) DEFAULT NULL,
  `body` text NOT NULL,
  `image_url` text DEFAULT NULL,
  `date_posted` datetime DEFAULT NULL,
  `category_id` bigint(20) DEFAULT NULL,
  `author_id` bigint(20) DEFAULT NULL,
  `country` varchar(30) DEFAULT 'Earth',
  `status` enum('APPROVED','PENDING','REJECTED') DEFAULT 'PENDING',
  `total_views` bigint(20) DEFAULT 0,
  PRIMARY KEY (`id`),
  KEY `fk_news` (`category_id`),
  KEY `fk_author` (`author_id`),
  CONSTRAINT `fk_author` FOREIGN KEY (`author_id`) REFERENCES `user` (`id`) ON DELETE SET NULL ON UPDATE CASCADE,
  CONSTRAINT `fk_news` FOREIGN KEY (`category_id`) REFERENCES `category` (`id`) ON DELETE SET NULL ON UPDATE CASCADE
) ENGINE=InnoDB AUTO_INCREMENT=35 DEFAULT CHARSET=utf8mb4 COLLATE=utf8mb4_general_ci;
/*!40101 SET character_set_client = @saved_cs_client */;

--
-- Dumping data for table `news`
--

LOCK TABLES `news` WRITE;
/*!40000 ALTER TABLE `news` DISABLE KEYS */;
INSERT INTO `news` VALUES
(1,'هنا عنوان الخبر ','هنا محتوى الخبر','https://t3.ftcdn.net/jpg/11/62/92/42/360_F_1162924268_X9jGUvG7O4irouRjRXhJfkkjYyQDv6lF.jpg','2025-05-16 00:00:00',1,9,'فلسطين','APPROVED',14),
(2,'من يستطيع ايقاف هذا الطوفان؟','تسعون دقيقة طويلة جدا في البرنابيو ','https://t3.ftcdn.net/jpg/11/62/92/42/360_F_1162924268_X9jGUvG7O4irouRjRXhJfkkjYyQDv6lF.jpg','2025-05-16 00:00:00',1,9,'Earth','APPROVED',0),
(4,'تسعون دقيقة طويلة جدا في البرنابيو','تسعون دقيقة طويلة جدا في البرنابيو','https://t3.ftcdn.net/jpg/11/62/92/42/360_F_1162924268_X9jGUvG7O4irouRjRXhJfkkjYyQDv6lF.jpg','2025-05-16 00:00:00',1,9,'Earth','APPROVED',0),
(5,'من انتم كيف ساكلمكم','بسيشبيسشبسيشبسيشب','https://t3.ftcdn.net/jpg/11/62/92/42/360_F_1162924268_X9jGUvG7O4irouRjRXhJfkkjYyQDv6lF.jpg','2025-05-16 00:00:00',1,9,'Earth','APPROVED',0),
(6,'rtur5ujtr','6rur56','https://t3.ftcdn.net/jpg/11/62/92/42/360_F_1162924268_X9jGUvG7O4irouRjRXhJfkkjYyQDv6lF.jpg','2025-05-19 00:00:00',1,9,'Earth','APPROVED',0),
(7,'تقديرات اسرائيلية: بضع شاحنات أخرى ستدخل القطاع اليوم','\r\n\r\nغزة- معا- بعد دخول شاحنات محملة بالمساعدات إلى القطاع أمس عبر معبر كرم أبو سالم لأول مرة منذ أشهر، من المتوقع أن تدخل الشاحنات إلى غزة اليوم أيضًا، لكن من غير المعروف على وجه التحديد متى وكم عددها.\r\n\r\nوبحسب التقديرات، فهذه شاحنات فردية. ويحاول جيش الاحتلال عدم وصولها إلى حماس بحسب صحيفة يديعوت احرنوت.\r\n\r\nوأفاد مراسلنا بأن خمسين مواطنا استشهدوا خلال الليل.\r\n\r\nوكان المعلق العسكري للصحيفة اشار إلى أن الجيش بدأ المرحلة الثانية من \"عربات جدعون\"، مرحلة \"حشد السكان\"، حيث يفتح الجيش ي نيراناً كثيفة بينما يدعو في الوقت نفسه سكان غزة إلى النزوح إلى مناطق آمنة معدة لهم في منطقة رفح.\r\n\r\nوفي هذه المرحلة سيتم تفعيل نقاط التفتيش أيضاً، والتي من المفترض أن تقوم بمتابعة المارة جنوباً إلى منطقة رفح بشكل صارم.\r\n','https://t3.ftcdn.net/jpg/11/62/92/42/360_F_1162924268_X9jGUvG7O4irouRjRXhJfkkjYyQDv6lF.jpg','2025-05-20 00:00:00',1,NULL,'Earth','APPROVED',8),
(9,'تقديرات اسرائيلية: بضع شاحنات أخرى ستدخل القطاع اليوم','\r\n\r\nغزة- معا- بعد دخول شاحنات محملة بالمساعدات إلى القطاع أمس عبر معبر كرم أبو سالم لأول مرة منذ أشهر، من المتوقع أن تدخل الشاحنات إلى غزة اليوم أيضًا، لكن من غير المعروف على وجه التحديد متى وكم عددها.\r\n\r\nوبحسب التقديرات، فهذه شاحنات فردية. ويحاول جيش الاحتلال عدم وصولها إلى حماس بحسب صحيفة يديعوت احرنوت.\r\n\r\nوأفاد مراسلنا بأن خمسين مواطنا استشهدوا خلال الليل.\r\n\r\nوكان المعلق العسكري للصحيفة اشار إلى أن الجيش بدأ المرحلة الثانية من \"عربات جدعون\"، مرحلة \"حشد السكان\"، حيث يفتح الجيش ي نيراناً كثيفة بينما يدعو في الوقت نفسه سكان غزة إلى النزوح إلى مناطق آمنة معدة لهم في منطقة رفح.\r\n\r\nوفي هذه المرحلة سيتم تفعيل نقاط التفتيش أيضاً، والتي من المفترض أن تقوم بمتابعة المارة جنوباً إلى منطقة رفح بشكل صارم.\r\n','https://t3.ftcdn.net/jpg/11/62/92/42/360_F_1162924268_X9jGUvG7O4irouRjRXhJfkkjYyQDv6lF.jpg','2025-05-20 00:00:00',1,NULL,'Earth','APPROVED',10),
(11,'تقديرات اسرائيلية: بضع شاحنات أخرى ستدخل القطاع اليوم','\r\n\r\nغزة- معا- بعد دخول شاحنات محملة بالمساعدات إلى القطاع أمس عبر معبر كرم أبو سالم لأول مرة منذ أشهر، من المتوقع أن تدخل الشاحنات إلى غزة اليوم أيضًا، لكن من غير المعروف على وجه التحديد متى وكم عددها.\r\n\r\nوبحسب التقديرات، فهذه شاحنات فردية. ويحاول جيش الاحتلال عدم وصولها إلى حماس بحسب صحيفة يديعوت احرنوت.\r\n\r\nوأفاد مراسلنا بأن خمسين مواطنا استشهدوا خلال الليل.\r\n\r\nوكان المعلق العسكري للصحيفة اشار إلى أن الجيش بدأ المرحلة الثانية من \"عربات جدعون\"، مرحلة \"حشد السكان\"، حيث يفتح الجيش ي نيراناً كثيفة بينما يدعو في الوقت نفسه سكان غزة إلى النزوح إلى مناطق آمنة معدة لهم في منطقة رفح.\r\n\r\nوفي هذه المرحلة سيتم تفعيل نقاط التفتيش أيضاً، والتي من المفترض أن تقوم بمتابعة المارة جنوباً إلى منطقة رفح بشكل صارم.\r\n','https://t3.ftcdn.net/jpg/11/62/92/42/360_F_1162924268_X9jGUvG7O4irouRjRXhJfkkjYyQDv6lF.jpg','2025-05-20 00:00:00',1,NULL,'Earth','APPROVED',9),
(13,'تقديرات اسرائيلية: بضع شاحنات أخرى ستدخل القطاع اليوم','\r\n\r\nغزة- معا- بعد دخول شاحنات محملة بالمساعدات إلى القطاع أمس عبر معبر كرم أبو سالم لأول مرة منذ أشهر، من المتوقع أن تدخل الشاحنات إلى غزة اليوم أيضًا، لكن من غير المعروف على وجه التحديد متى وكم عددها.\r\n\r\nوبحسب التقديرات، فهذه شاحنات فردية. ويحاول جيش الاحتلال عدم وصولها إلى حماس بحسب صحيفة يديعوت احرنوت.\r\n\r\nوأفاد مراسلنا بأن خمسين مواطنا استشهدوا خلال الليل.\r\n\r\nوكان المعلق العسكري للصحيفة اشار إلى أن الجيش بدأ المرحلة الثانية من \"عربات جدعون\"، مرحلة \"حشد السكان\"، حيث يفتح الجيش ي نيراناً كثيفة بينما يدعو في الوقت نفسه سكان غزة إلى النزوح إلى مناطق آمنة معدة لهم في منطقة رفح.\r\n\r\nوفي هذه المرحلة سيتم تفعيل نقاط التفتيش أيضاً، والتي من المفترض أن تقوم بمتابعة المارة جنوباً إلى منطقة رفح بشكل صارم.\r\n','https://t3.ftcdn.net/jpg/11/62/92/42/360_F_1162924268_X9jGUvG7O4irouRjRXhJfkkjYyQDv6lF.jpg','2025-05-20 00:00:00',1,NULL,'Earth','APPROVED',0),
(15,'تقديرات اسرائيلية: بضع شاحنات أخرى ستدخل القطاع اليوم','\r\n\r\nغزة- معا- بعد دخول شاحنات محملة بالمساعدات إلى القطاع أمس عبر معبر كرم أبو سالم لأول مرة منذ أشهر، من المتوقع أن تدخل الشاحنات إلى غزة اليوم أيضًا، لكن من غير المعروف على وجه التحديد متى وكم عددها.\r\n\r\nوبحسب التقديرات، فهذه شاحنات فردية. ويحاول جيش الاحتلال عدم وصولها إلى حماس بحسب صحيفة يديعوت احرنوت.\r\n\r\nوأفاد مراسلنا بأن خمسين مواطنا استشهدوا خلال الليل.\r\n\r\nوكان المعلق العسكري للصحيفة اشار إلى أن الجيش بدأ المرحلة الثانية من \"عربات جدعون\"، مرحلة \"حشد السكان\"، حيث يفتح الجيش ي نيراناً كثيفة بينما يدعو في الوقت نفسه سكان غزة إلى النزوح إلى مناطق آمنة معدة لهم في منطقة رفح.\r\n\r\nوفي هذه المرحلة سيتم تفعيل نقاط التفتيش أيضاً، والتي من المفترض أن تقوم بمتابعة المارة جنوباً إلى منطقة رفح بشكل صارم.\r\n','https://t3.ftcdn.net/jpg/11/62/92/42/360_F_1162924268_X9jGUvG7O4irouRjRXhJfkkjYyQDv6lF.jpg','2025-05-20 00:00:00',1,NULL,'Earth','APPROVED',0),
(17,'تقديرات اسرائيلية: بضع شاحنات أخرى ستدخل القطاع اليوم','\r\n\r\nغزة- معا- بعد دخول شاحنات محملة بالمساعدات إلى القطاع أمس عبر معبر كرم أبو سالم لأول مرة منذ أشهر، من المتوقع أن تدخل الشاحنات إلى غزة اليوم أيضًا، لكن من غير المعروف على وجه التحديد متى وكم عددها.\r\n\r\nوبحسب التقديرات، فهذه شاحنات فردية. ويحاول جيش الاحتلال عدم وصولها إلى حماس بحسب صحيفة يديعوت احرنوت.\r\n\r\nوأفاد مراسلنا بأن خمسين مواطنا استشهدوا خلال الليل.\r\n\r\nوكان المعلق العسكري للصحيفة اشار إلى أن الجيش بدأ المرحلة الثانية من \"عربات جدعون\"، مرحلة \"حشد السكان\"، حيث يفتح الجيش ي نيراناً كثيفة بينما يدعو في الوقت نفسه سكان غزة إلى النزوح إلى مناطق آمنة معدة لهم في منطقة رفح.\r\n\r\nوفي هذه المرحلة سيتم تفعيل نقاط التفتيش أيضاً، والتي من المفترض أن تقوم بمتابعة المارة جنوباً إلى منطقة رفح بشكل صارم.\r\n','https://t3.ftcdn.net/jpg/11/62/92/42/360_F_1162924268_X9jGUvG7O4irouRjRXhJfkkjYyQDv6lF.jpg','2025-05-20 00:00:00',1,NULL,'Earth','APPROVED',0),
(19,'تقديرات اسرائيلية: بضع شاحنات أخرى ستدخل القطاع اليوم','\r\n\r\nغزة- معا- بعد دخول شاحنات محملة بالمساعدات إلى القطاع أمس عبر معبر كرم أبو سالم لأول مرة منذ أشهر، من المتوقع أن تدخل الشاحنات إلى غزة اليوم أيضًا، لكن من غير المعروف على وجه التحديد متى وكم عددها.\r\n\r\nوبحسب التقديرات، فهذه شاحنات فردية. ويحاول جيش الاحتلال عدم وصولها إلى حماس بحسب صحيفة يديعوت احرنوت.\r\n\r\nوأفاد مراسلنا بأن خمسين مواطنا استشهدوا خلال الليل.\r\n\r\nوكان المعلق العسكري للصحيفة اشار إلى أن الجيش بدأ المرحلة الثانية من \"عربات جدعون\"، مرحلة \"حشد السكان\"، حيث يفتح الجيش ي نيراناً كثيفة بينما يدعو في الوقت نفسه سكان غزة إلى النزوح إلى مناطق آمنة معدة لهم في منطقة رفح.\r\n\r\nوفي هذه المرحلة سيتم تفعيل نقاط التفتيش أيضاً، والتي من المفترض أن تقوم بمتابعة المارة جنوباً إلى منطقة رفح بشكل صارم.\r\n','https://t3.ftcdn.net/jpg/11/62/92/42/360_F_1162924268_X9jGUvG7O4irouRjRXhJfkkjYyQDv6lF.jpg','2025-05-20 00:00:00',1,NULL,'Earth','APPROVED',0),
(21,'تقديرات اسرائيلية: بضع شاحنات أخرى ستدخل القطاع اليوم','\r\n\r\nغزة- معا- بعد دخول شاحنات محملة بالمساعدات إلى القطاع أمس عبر معبر كرم أبو سالم لأول مرة منذ أشهر، من المتوقع أن تدخل الشاحنات إلى غزة اليوم أيضًا، لكن من غير المعروف على وجه التحديد متى وكم عددها.\r\n\r\nوبحسب التقديرات، فهذه شاحنات فردية. ويحاول جيش الاحتلال عدم وصولها إلى حماس بحسب صحيفة يديعوت احرنوت.\r\n\r\nوأفاد مراسلنا بأن خمسين مواطنا استشهدوا خلال الليل.\r\n\r\nوكان المعلق العسكري للصحيفة اشار إلى أن الجيش بدأ المرحلة الثانية من \"عربات جدعون\"، مرحلة \"حشد السكان\"، حيث يفتح الجيش ي نيراناً كثيفة بينما يدعو في الوقت نفسه سكان غزة إلى النزوح إلى مناطق آمنة معدة لهم في منطقة رفح.\r\n\r\nوفي هذه المرحلة سيتم تفعيل نقاط التفتيش أيضاً، والتي من المفترض أن تقوم بمتابعة المارة جنوباً إلى منطقة رفح بشكل صارم.\r\n','https://t3.ftcdn.net/jpg/11/62/92/42/360_F_1162924268_X9jGUvG7O4irouRjRXhJfkkjYyQDv6lF.jpg','2025-05-20 00:00:00',1,NULL,'Earth','APPROVED',0),
(23,'تقديرات اسرائيلية: بضع شاحنات أخرى ستدخل القطاع اليوم','\r\n\r\nغزة- معا- بعد دخول شاحنات محملة بالمساعدات إلى القطاع أمس عبر معبر كرم أبو سالم لأول مرة منذ أشهر، من المتوقع أن تدخل الشاحنات إلى غزة اليوم أيضًا، لكن من غير المعروف على وجه التحديد متى وكم عددها.\r\n\r\nوبحسب التقديرات، فهذه شاحنات فردية. ويحاول جيش الاحتلال عدم وصولها إلى حماس بحسب صحيفة يديعوت احرنوت.\r\n\r\nوأفاد مراسلنا بأن خمسين مواطنا استشهدوا خلال الليل.\r\n\r\nوكان المعلق العسكري للصحيفة اشار إلى أن الجيش بدأ المرحلة الثانية من \"عربات جدعون\"، مرحلة \"حشد السكان\"، حيث يفتح الجيش ي نيراناً كثيفة بينما يدعو في الوقت نفسه سكان غزة إلى النزوح إلى مناطق آمنة معدة لهم في منطقة رفح.\r\n\r\nوفي هذه المرحلة سيتم تفعيل نقاط التفتيش أيضاً، والتي من المفترض أن تقوم بمتابعة المارة جنوباً إلى منطقة رفح بشكل صارم.\r\n','https://t3.ftcdn.net/jpg/11/62/92/42/360_F_1162924268_X9jGUvG7O4irouRjRXhJfkkjYyQDv6lF.jpg','2025-05-20 00:00:00',1,NULL,'Earth','APPROVED',0),
(25,'تقديرات اسرائيلية: بضع شاحنات أخرى ستدخل القطاع اليوم','\r\n\r\nغزة- معا- بعد دخول شاحنات محملة بالمساعدات إلى القطاع أمس عبر معبر كرم أبو سالم لأول مرة منذ أشهر، من المتوقع أن تدخل الشاحنات إلى غزة اليوم أيضًا، لكن من غير المعروف على وجه التحديد متى وكم عددها.\r\n\r\nوبحسب التقديرات، فهذه شاحنات فردية. ويحاول جيش الاحتلال عدم وصولها إلى حماس بحسب صحيفة يديعوت احرنوت.\r\n\r\nوأفاد مراسلنا بأن خمسين مواطنا استشهدوا خلال الليل.\r\n\r\nوكان المعلق العسكري للصحيفة اشار إلى أن الجيش بدأ المرحلة الثانية من \"عربات جدعون\"، مرحلة \"حشد السكان\"، حيث يفتح الجيش ي نيراناً كثيفة بينما يدعو في الوقت نفسه سكان غزة إلى النزوح إلى مناطق آمنة معدة لهم في منطقة رفح.\r\n\r\nوفي هذه المرحلة سيتم تفعيل نقاط التفتيش أيضاً، والتي من المفترض أن تقوم بمتابعة المارة جنوباً إلى منطقة رفح بشكل صارم.\r\n','https://t3.ftcdn.net/jpg/11/62/92/42/360_F_1162924268_X9jGUvG7O4irouRjRXhJfkkjYyQDv6lF.jpg','2025-05-20 00:00:00',1,NULL,'Earth','APPROVED',0),
(27,'تقديرات اسرائيلية: بضع شاحنات أخرى ستدخل القطاع اليوم','\r\n\r\nغزة- معا- بعد دخول شاحنات محملة بالمساعدات إلى القطاع أمس عبر معبر كرم أبو سالم لأول مرة منذ أشهر، من المتوقع أن تدخل الشاحنات إلى غزة اليوم أيضًا، لكن من غير المعروف على وجه التحديد متى وكم عددها.\r\n\r\nوبحسب التقديرات، فهذه شاحنات فردية. ويحاول جيش الاحتلال عدم وصولها إلى حماس بحسب صحيفة يديعوت احرنوت.\r\n\r\nوأفاد مراسلنا بأن خمسين مواطنا استشهدوا خلال الليل.\r\n\r\nوكان المعلق العسكري للصحيفة اشار إلى أن الجيش بدأ المرحلة الثانية من \"عربات جدعون\"، مرحلة \"حشد السكان\"، حيث يفتح الجيش ي نيراناً كثيفة بينما يدعو في الوقت نفسه سكان غزة إلى النزوح إلى مناطق آمنة معدة لهم في منطقة رفح.\r\n\r\nوفي هذه المرحلة سيتم تفعيل نقاط التفتيش أيضاً، والتي من المفترض أن تقوم بمتابعة المارة جنوباً إلى منطقة رفح بشكل صارم.\r\n','https://t3.ftcdn.net/jpg/11/62/92/42/360_F_1162924268_X9jGUvG7O4irouRjRXhJfkkjYyQDv6lF.jpg','2025-05-20 00:00:00',1,NULL,'Earth','APPROVED',0),
(29,'تقديرات اسرائيلية: بضع شاحنات أخرى ستدخل القطاع اليوم','\r\n\r\nغزة- معا- بعد دخول شاحنات محملة بالمساعدات إلى القطاع أمس عبر معبر كرم أبو سالم لأول مرة منذ أشهر، من المتوقع أن تدخل الشاحنات إلى غزة اليوم أيضًا، لكن من غير المعروف على وجه التحديد متى وكم عددها.\r\n\r\nوبحسب التقديرات، فهذه شاحنات فردية. ويحاول جيش الاحتلال عدم وصولها إلى حماس بحسب صحيفة يديعوت احرنوت.\r\n\r\nوأفاد مراسلنا بأن خمسين مواطنا استشهدوا خلال الليل.\r\n\r\nوكان المعلق العسكري للصحيفة اشار إلى أن الجيش بدأ المرحلة الثانية من \"عربات جدعون\"، مرحلة \"حشد السكان\"، حيث يفتح الجيش ي نيراناً كثيفة بينما يدعو في الوقت نفسه سكان غزة إلى النزوح إلى مناطق آمنة معدة لهم في منطقة رفح.\r\n\r\nوفي هذه المرحلة سيتم تفعيل نقاط التفتيش أيضاً، والتي من المفترض أن تقوم بمتابعة المارة جنوباً إلى منطقة رفح بشكل صارم.\r\n','https://t3.ftcdn.net/jpg/11/62/92/42/360_F_1162924268_X9jGUvG7O4irouRjRXhJfkkjYyQDv6lF.jpg','2025-05-20 00:00:00',1,NULL,'Earth','APPROVED',0),
(31,'تقديرات اسرائيلية: بضع شاحنات أخرى ستدخل القطاع اليوم','\r\n\r\nغزة- معا- بعد دخول شاحنات محملة بالمساعدات إلى القطاع أمس عبر معبر كرم أبو سالم لأول مرة منذ أشهر، من المتوقع أن تدخل الشاحنات إلى غزة اليوم أيضًا، لكن من غير المعروف على وجه التحديد متى وكم عددها.\r\n\r\nوبحسب التقديرات، فهذه شاحنات فردية. ويحاول جيش الاحتلال عدم وصولها إلى حماس بحسب صحيفة يديعوت احرنوت.\r\n\r\nوأفاد مراسلنا بأن خمسين مواطنا استشهدوا خلال الليل.\r\n\r\nوكان المعلق العسكري للصحيفة اشار إلى أن الجيش بدأ المرحلة الثانية من \"عربات جدعون\"، مرحلة \"حشد السكان\"، حيث يفتح الجيش ي نيراناً كثيفة بينما يدعو في الوقت نفسه سكان غزة إلى النزوح إلى مناطق آمنة معدة لهم في منطقة رفح.\r\n\r\nوفي هذه المرحلة سيتم تفعيل نقاط التفتيش أيضاً، والتي من المفترض أن تقوم بمتابعة المارة جنوباً إلى منطقة رفح بشكل صارم.\r\n','https://t3.ftcdn.net/jpg/11/62/92/42/360_F_1162924268_X9jGUvG7O4irouRjRXhJfkkjYyQDv6lF.jpg','2025-05-20 00:00:00',1,NULL,'Earth','APPROVED',0),
(33,'fadsfadsf','\r\n\r\nغزة- معا- بعد دخول شاحنات محملة بالمساعدات إلى القطاع أمس عبر معبر كرم أبو سالم لأول مرة منذ أشهر، من المتوقع أن تدخل الشاحنات إلى غزة اليوم أيضًا، لكن من غير المعروف على وجه التحديد متى وكم عددها.\r\n\r\nوبحسب التقديرات، فهذه شاحنات فردية. ويحاول جيش الاحتلال عدم وصولها إلى حماس بحسب صحيفة يديعوت احرنوت.\r\n\r\nوأفاد مراسلنا بأن خمسين مواطنا استشهدوا خلال الليل.\r\n\r\nوكان المعلق العسكري للصحيفة اشار إلى أن الجيش بدأ المرحلة الثانية من \"عربات جدعون\"، مرحلة \"حشد السكان\"، حيث يفتح الجيش ي نيراناً كثيفة بينما يدعو في الوقت نفسه سكان غزة إلى النزوح إلى مناطق آمنة معدة لهم في منطقة رفح.\r\n\r\nوفي هذه المرحلة سيتم تفعيل نقاط التفتيش أيضاً، والتي من المفترض أن تقوم بمتابعة المارة جنوباً إلى منطقة رفح بشكل صارم.\r\n','https://t3.ftcdn.net/jpg/11/62/92/42/360_F_1162924268_X9jGUvG7O4irouRjRXhJfkkjYyQDv6lF.jpg','2025-05-20 22:00:28',1,11,'Earth','APPROVED',9),
(34,'سمير سمكرة ملوش بالافورة','سمير سمكرة ملوش بالافورةسمير سمكرة ملوش بالافورةسمير سمكرة ملوش بالافورةسمير سمكرة ملوش بالافورةسمير سمكرة ملوش بالافورةسمير سمكرة ملوش بالافورةسمير سمكرة ملوش بالافورةسمير سمكرة ملوش بالافورة','https://t3.ftcdn.net/jpg/11/62/92/42/360_F_1162924268_X9jGUvG7O4irouRjRXhJfkkjYyQDv6lF.jpg','2025-05-20 22:00:36',1,11,'Earth','APPROVED',23);
/*!40000 ALTER TABLE `news` ENABLE KEYS */;
UNLOCK TABLES;

--
-- Table structure for table `user`
--

DROP TABLE IF EXISTS `user`;
/*!40101 SET @saved_cs_client     = @@character_set_client */;
/*!40101 SET character_set_client = utf8mb4 */;
CREATE TABLE `user` (
  `id` bigint(20) NOT NULL AUTO_INCREMENT,
  `name` varchar(50) NOT NULL,
  `email` varchar(50) DEFAULT NULL,
  `password` text NOT NULL,
  `role` enum('ADMIN','EDITOR','AUTHOR','VIEWER') DEFAULT NULL,
  `status` varchar(10) NOT NULL DEFAULT 'PENDING',
  `created_at` datetime DEFAULT NULL,
  PRIMARY KEY (`id`),
  UNIQUE KEY `unique_email` (`email`)
) ENGINE=InnoDB AUTO_INCREMENT=14 DEFAULT CHARSET=utf8mb4 COLLATE=utf8mb4_general_ci;
/*!40101 SET character_set_client = @saved_cs_client */;

--
-- Dumping data for table `user`
--

LOCK TABLES `user` WRITE;
/*!40000 ALTER TABLE `user` DISABLE KEYS */;
INSERT INTO `user` VALUES
(9,'admin','mohammadshariffethi@gmail.com','$2y$10$HhS/bFyHfJL18gW.arr.8uwcafVHtUW4ayMmDtoMP0F50QQ0xjz/6','ADMIN','مفعل',NULL),
(11,'moshareef','moshareef@gmail.com','$2y$10$8s3gA50qAfFnzgIuSOWMgOvcK5PDW5dDuJmgcCvEBD0mpQ/VMJe7W','AUTHOR','مفعل','2025-05-20 21:56:34'),
(12,'yousef','yousef@gmail.com','$2y$10$78LqtEn1WRkeVL9SIZVHLeXhIB2o2XAFtU8bu2W.Y8fa0HJIPXpRe','EDITOR','مفعل','2025-05-20 21:58:36');
/*!40000 ALTER TABLE `user` ENABLE KEYS */;
UNLOCK TABLES;

--
-- Dumping routines for database 'news_portal'
--
/*!40103 SET TIME_ZONE=@OLD_TIME_ZONE */;

/*!40101 SET SQL_MODE=@OLD_SQL_MODE */;
/*!40014 SET FOREIGN_KEY_CHECKS=@OLD_FOREIGN_KEY_CHECKS */;
/*!40014 SET UNIQUE_CHECKS=@OLD_UNIQUE_CHECKS */;
/*!40101 SET CHARACTER_SET_CLIENT=@OLD_CHARACTER_SET_CLIENT */;
/*!40101 SET CHARACTER_SET_RESULTS=@OLD_CHARACTER_SET_RESULTS */;
/*!40101 SET COLLATION_CONNECTION=@OLD_COLLATION_CONNECTION */;
/*M!100616 SET NOTE_VERBOSITY=@OLD_NOTE_VERBOSITY */;

-- Dump completed on 2025-05-21  1:25:59